1111 Heating Cycle 1,,2222 Heating Cycle 1,,3333 Heating Cycle 1,,4444 Heating Cycle 1,,5555 Heating Cycle 1,,6666 Heating Cycle 1,,
Temperature(°C),Abs,Temperature(°C),Abs,Temperature(°C),Abs,Temperature(°C),Abs,Temperature(°C),Abs,Temperature(°C),Abs,
10.10000038,0.1519999951,10.19999981,0.1539999992,10.30000019,0.1560000032,10.39999962,0.1580000073,10.5,0.1599999964,10.60000038,0.1620000005,
10.60000038,0.1620000005,10.69999981,0.1640000045,10.80000019,0.1659999937,10.89999962,0.1679999977,11,0.1700000018,11.10000038,0.1720000058,
11.10000038,0.1720000058,11.19999981,0.173999995,11.30000019,0.175999999,11.39999962,0.1780000031,11.5,0.1800000072,11.60000038,0.1819999963,
11.60000038,0.1819999963,11.69999981,0.1840000004,11.80000019,0.1860000044,11.89999962,0.1879999936,12,0.1899999976,12.10000038,0.1920000017,
12.10000038,0.1920000017,12.19999981,0.1940000057,12.30000019,0.1959999949,12.39999962,0.1979999989,12.5,0.200000003,12.60000038,0.202000007,
12.60000038,0.202000007,12.69999981,0.2039999962,12.80000019,0.2060000002,12.89999962,0.2080000043,13,0.2099999934,13.10000038,0.2119999975,
13.10000038,0.2119999975,13.19999981,0.2140000015,13.30000019,0.2160000056,13.39999962,0.2179999948,13.5,0.2199999988,13.60000038,0.2220000029,
13.60000038,0.2220000029,13.69999981,0.2240000069,13.80000019,0.2259999961,13.89999962,0.2280000001,14,0.2300000042,14.10000038,0.2319999933,
14.10000038,0.2319999933,14.19999981,0.2339999974,14.30000019,0.2360000014,14.39999962,0.2380000055,14.5,0.2399999946,14.60000038,0.2419999987,
14.60000038,0.2419999987,14.69999981,0.2440000027,14.80000019,0.2460000068,14.89999962,0.2479999959,15,0.25,15.10000038,0.2520000041,
15.10000038,0.2520000041,15.19999981,0.2540000081,15.30000019,0.2560000122,15.39999962,0.2579999864,15.5,0.2599999905,15.60000038,0.2619999945,
15.60000038,0.2619999945,15.69999981,0.2639999986,15.80000019,0.2660000026,15.89999962,0.2680000067,16,0.2700000107,16.10000038,0.2720000148,
16.10000038,0.2720000148,16.20000076,0.273999989,16.29999924,0.2759999931,16.39999962,0.2779999971,16.5,0.2800000012,16.60000038,0.2820000052,
16.60000038,0.2820000052,16.70000076,0.2840000093,16.79999924,0.2860000134,16.89999962,0.2879999876,17,0.2899999917,17.10000038,0.2919999957,
17.10000038,0.2919999957,17.20000076,0.2939999998,17.29999924,0.2960000038,17.39999962,0.2980000079,17.5,0.3000000119,17.60000038,0.3019999862,
17.60000038,0.3019999862,17.70000076,0.3039999902,17.79999924,0.3059999943,17.89999962,0.3079999983,18,0.3100000024,18.10000038,0.3120000064,
18.10000038,0.3120000064,18.20000076,0.3140000105,18.29999924,0.3160000145,18.39999962,0.3179999888,18.5,0.3199999928,18.60000038,0.3219999969,
18.60000038,0.3219999969,18.70000076,0.324000001,18.79999924,0.326000005,18.89999962,0.3280000091,19,0.3300000131,19.10000038,0.3319999874,
19.10000038,0.3319999874,19.20000076,0.3339999914,19.29999924,0.3359999955,19.39999962,0.3379999995,19.5,0.3400000036,19.60000038,0.3420000076,
19.60000038,0.3420000076,19.70000076,0.3440000117,19.79999924,0.3459999859,19.89999962,0.34799999,20,0.349999994,20.10000038,0.3519999981,
20.10000038,0.3519999981,20.20000076,0.3540000021,20.29999924,0.3560000062,20.39999962,0.3580000103,20.5,0.3600000143,20.60000038,0.3619999886,
20.60000038,0.3619999886,20.70000076,0.3639999926,20.79999924,0.3659999967,20.89999962,0.3680000007,21,0.3700000048,21.10000038,0.3720000088,
21.10000038,0.3720000088,21.20000076,0.3740000129,21.29999924,0.3759999871,21.39999962,0.3779999912,21.5,0.3799999952,21.60000038,0.3819999993,
21.60000038,0.3819999993,21.70000076,0.3840000033,21.79999924,0.3860000074,21.89999962,0.3880000114,22,0.3899999857,22.10000038,0.3919999897,
22.10000038,0.3919999897,22.20000076,0.3939999938,22.29999924,0.3959999979,22.39999962,0.3980000019,22.5,0.400000006,22.60000038,0.40200001,
22.60000038,0.40200001,22.70000076,0.4040000141,22.79999924,0.4059999883,22.89999962,0.4079999924,23,0.4099999964,23.10000038,0.4120000005,
23.10000038,0.4120000005,23.20000076,0.4140000045,23.29999924,0.4160000086,23.39999962,0.4180000126,23.5,0.4199999869,23.60000038,0.4219999909,
23.60000038,0.4219999909,23.70000076,0.423999995,23.79999924,0.425999999,23.89999962,0.4280000031,24,0.4300000072,24.10000038,0.4320000112,
24.10000038,0.4320000112,24.20000076,0.4339999855,24.29999924,0.4359999895,24.39999962,0.4379999936,24.5,0.4399999976,24.60000038,0.4420000017,
24.60000038,0.4420000017,24.70000076,0.4440000057,24.79999924,0.4460000098,24.89999962,0.4480000138,25,0.4499999881,25.10000038,0.4519999921,
25.10000038,0.4519999921,25.20000076,0.4539999962,25.29999924,0.4560000002,25.39999962,0.4580000043,25.5,0.4600000083,25.60000038,0.4620000124,
25.60000038,0.4620000124,25.70000076,0.4639999866,25.79999924,0.4659999907,25.89999962,0.4679999948,26,0.4699999988,26.10000038,0.4720000029,
26.10000038,0.4720000029,26.20000076,0.4740000069,26.29999924,0.476000011,26.39999962,0.4779999852,26.5,0.4799999893,26.60000038,0.4819999933,
26.60000038,0.4819999933,26.70000076,0.4839999974,26.79999924,0.4860000014,26.89999962,0.4880000055,27,0.4900000095,27.10000038,0.4920000136,
27.10000038,0.4920000136,27.20000076,0.4939999878,27.29999924,0.4959999919,27.39999962,0.4979999959,27.5,0.5,27.60000038,0.5019999743,
27.60000038,0.5019999743,27.70000076,0.5040000081,27.79999924,0.5059999824,27.89999962,0.5080000162,28,0.5099999905,28.10000038,0.5120000243,
28.10000038,0.5120000243,28.20000076,0.5139999986,28.29999924,0.5159999728,28.39999962,0.5179998875,28.5,0.5199999809,28.60000038,0.5220000148,
28.60000038,0.5220000148,28.70000076,0.523999989,28.79999924,0.5260000229,28.89999962,0.5279999971,29,0.5299999714,29.10000038,0.5320000052,
29.10000038,0.5320000052,29.20000076,0.5339999795,29.29999924,0.5360000134,29.39999962,0.5379999876,29.5,0.5400000215,29.60000038,0.5419999957,
29.60000038,0.5419999957,29.70000076,0.5440000296,29.79999924,0.5459998846,29.89999962,0.5479999781,30,0.5500000119,30.10000038,0.5519999862,
30.10000038,0.5519999862,30.20000076,0.55400002,30.29999924,0.5559999943,30.39999962,0.5580000281,30.5,0.5600001216,30.60000038,0.5619999766,
30.60000038,0.5619999766,30.70000076,0.5640001297,30.79999924,0.5659999847,30.89999962,0.5680000186,31,0.5700001121,31.10000038,0.5720000267,
31.10000038,0.5720000267,31.20000076,0.5740001202,31.29999924,0.5759999752,31.39999962,0.5780000091,31.5,0.5799999833,31.60000038,0.5820000172,
31.60000038,0.5820000172,31.70000076,0.5840001106,31.79999924,0.5860000253,31.89999962,0.5879999995,32,0.5899999738,32.09999847,0.5920000076,
32.09999847,0.5920000076,32.20000076,0.5939999819,32.29999924,0.5960000157,32.40000153,0.59799999,32.5,0.6000000238,32.59999847,0.6019999981,
32.59999847,0.6019999981,32.70000076,0.6039999723,32.79999924,0.6060000062,32.90000153,0.6079999804,33,0.6100000143,33.09999847,0.6119999886,
33.09999847,0.6119999886,33.20000076,0.6140000224,33.29999924,0.6159999967,33.40000153,0.6180000901,33.5,0.6200000048,33.59999847,0.621999979,
33.59999847,0.621999979,33.70000076,0.6240000725,33.79999924,0.6259999871,33.90000153,0.6280000806,34,0.6300001144,34.09999847,0.6320000291,
34.09999847,0.6320000291,34.20000076,0.6340001225,34.29999924,0.6359999776,34.40000153,0.638000071,34.5,0.6399999857,34.59999847,0.6420000196,
34.59999847,0.6420000196,34.70000076,0.644000113,34.79999924,0.6460000277,34.90000153,0.6480001211,35,0.6499999762,35.09999847,0.65200001,
35.09999847,0.65200001,35.20000076,0.6539999843,35.29999924,0.6560000181,35.40000153,0.6580001116,35.5,0.6600000262,35.59999847,0.6620000005,
35.59999847,0.6620000005,35.70000076,0.6639999747,35.79999924,0.6660000086,35.90000153,0.6679999828,36,0.6700000167,36.09999847,0.6719999909,
36.09999847,0.6719999909,36.20000076,0.6740000248,36.29999924,0.675999999,36.40000153,0.6779999733,36.5,0.6800000072,36.59999847,0.6819999814,
36.59999847,0.6819999814,36.70000076,0.6840000749,36.79999924,0.6859999895,36.90000153,0.688000083,37,0.6900001168,37.09999847,0.6919999719,
37.09999847,0.6919999719,37.20000076,0.6940001249,37.29999924,0.69599998,37.40000153,0.6980000734,37.5,0.6999999881,37.59999847,0.7020000219,
37.59999847,0.7020000219,37.70000076,0.7040001154,37.79999924,0.7059999704,37.90000153,0.7080001235,38,0.7099999785,38.09999847,0.7120000124,
38.09999847,0.7120000124,38.20000076,0.7139999866,38.29999924,0.7160000205,38.40000153,0.718000114,38.5,0.7200000286,38.59999847,0.7220000029,
38.59999847,0.7220000029,38.70000076,0.7239999771,38.79999924,0.726000011,38.90000153,0.7279999852,39,0.7300000191,39.09999847,0.7319999933,
39.09999847,0.7319999933,39.20000076,0.7340000272,39.29999924,0.7360000014,39.40000153,0.7379999757,39.5,0.7400000095,39.59999847,0.7419999838,
39.59999847,0.7419999838,39.70000076,0.7440000176,39.79999924,0.7459999919,39.90000153,0.7480000854,40,0.75,40.09999847,0.7519999743,
40.09999847,0.7519999743,40.20000076,0.7540001273,40.29999924,0.7559999824,40.40000153,0.7580000758,40.5,0.7600001097,40.59999847,0.7620000243,

1111 Heating Cycle 1,
1111 Heating Cycle 1
Collection Time: 1/3/2020 10:47:06 AM
Operator Name  :
ADL Shell Version 5.0.0.1002
Method Log     :
Method Name    :
Date/Time stamp: 1/3/2020 10:44:31 AM
Method Modifications:
COM Port Number Changed: 1/3/2020 10:45:52 AM, Old:Off, New:-1
COM Port Number Changed: 1/3/2020 10:45:54 AM, Old:-1, New:
Connected to Controller Changed: 1/3/2020 10:46:00 AM, Old:0, New:1
Number Samples Changed: 1/3/2020 10:46:02 AM, Old:0, New:-6
Cary Online Changed: 1/3/2020 10:46:07 AM, Old:-1, New:1
Sample ID 1 Changed: 1/3/2020 10:46:07 AM, Old:, New:1111
Sample ID 2 Changed: 1/3/2020 10:46:07 AM, Old:, New:2222
Sample ID 3 Changed: 1/3/2020 10:46:07 AM, Old:, New:3333
Sample ID 4 Changed: 1/3/2020 10:46:07 AM, Old:, New:4444
Sample ID 5 Changed: 1/3/2020 10:46:07 AM, Old:, New:5555
Sample ID 6 Changed: 1/3/2020 10:46:07 AM, Old:, New:6666
Data Simulation Changed: 1/3/2020 10:46:07 AM, Old:None, New:Abs Only
Data Simulation Changed: 1/3/2020 10:46:07 AM, Old:Abs Only, New:None
Parameter Setup First Time Changed: 1/3/2020 10:46:07 AM, Old:1, New:0
Data Simulation Changed: 1/3/2020 10:46:10 AM, Old:None, New:T and Abs
Start Temperature Changed: 1/3/2020 10:46:14 AM, Old:    20.00, New:    10.00
Stop Temperature Changed: 1/3/2020 10:46:17 AM, Old:    80.00, New:    40.00
Equilibration Time Changed: 1/3/2020 10:46:48 AM, Old:    10.00, New:     1.00
Stirrer Speed Changed: 1/3/2020 10:46:59 AM, Old:0, New:1200
End Method Modifications

2222 Heating Cycle 1,
2222 Heating Cycle 1
Collection Time: 1/3/2020 10:47:06 AM
Operator Name  :
ADL Shell Version 5.0.0.1002
Method Log     :
Method Name    :
Date/Time stamp: 1/3/2020 10:44:31 AM
Method Modifications:
COM Port Number Changed: 1/3/2020 10:45:52 AM, Old:Off, New:-1
COM Port Number Changed: 1/3/2020 10:45:54 AM, Old:-1, New:
Connected to Controller Changed: 1/3/2020 10:46:00 AM, Old:0, New:1
Number Samples Changed: 1/3/2020 10:46:02 AM, Old:0, New:-6
Cary Online Changed: 1/3/2020 10:46:07 AM, Old:-1, New:1
Sample ID 1 Changed: 1/3/2020 10:46:07 AM, Old:, New:1111
Sample ID 2 Changed: 1/3/2020 10:46:07 AM, Old:, New:2222
Sample ID 3 Changed: 1/3/2020 10:46:07 AM, Old:, New:3333
Sample ID 4 Changed: 1/3/2020 10:46:07 AM, Old:, New:4444
Sample ID 5 Changed: 1/3/2020 10:46:07 AM, Old:, New:5555
Sample ID 6 Changed: 1/3/2020 10:46:07 AM, Old:, New:6666
Data Simulation Changed: 1/3/2020 10:46:07 AM, Old:None, New:Abs Only
Data Simulation Changed: 1/3/2020 10:46:07 AM, Old:Abs Only, New:None
Parameter Setup First Time Changed: 1/3/2020 10:46:07 AM, Old:1, New:0
Data Simulation Changed: 1/3/2020 10:46:10 AM, Old:None, New:T and Abs
Start Temperature Changed: 1/3/2020 10:46:14 AM, Old:    20.00, New:    10.00
Stop Temperature Changed: 1/3/2020 10:46:17 AM, Old:    80.00, New:    40.00
Equilibration Time Changed: 1/3/2020 10:46:48 AM, Old:    10.00, New:     1.00
Stirrer Speed Changed: 1/3/2020 10:46:59 AM, Old:0, New:1200
End Method Modifications

3333 Heating Cycle 1,
3333 Heating Cycle 1
Collection Time: 1/3/2020 10:47:06 AM
Operator Name  :
ADL Shell Version 5.0.0.1002
Method Log     :
Method Name    :
Date/Time stamp: 1/3/2020 10:44:31 AM
Method Modifications:
COM Port Number Changed: 1/3/2020 10:45:52 AM, Old:Off, New:-1
COM Port Number Changed: 1/3/2020 10:45:54 AM, Old:-1, New:
Connected to Controller Changed: 1/3/2020 10:46:00 AM, Old:0, New:1
Number Samples Changed: 1/3/2020 10:46:02 AM, Old:0, New:-6
Cary Online Changed: 1/3/2020 10:46:07 AM, Old:-1, New:1
Sample ID 1 Changed: 1/3/2020 10:46:07 AM, Old:, New:1111
Sample ID 2 Changed: 1/3/2020 10:46:07 AM, Old:, New:2222
Sample ID 3 Changed: 1/3/2020 10:46:07 AM, Old:, New:3333
Sample ID 4 Changed: 1/3/2020 10:46:07 AM, Old:, New:4444
Sample ID 5 Changed: 1/3/2020 10:46:07 AM, Old:, New:5555
Sample ID 6 Changed: 1/3/2020 10:46:07 AM, Old:, New:6666
Data Simulation Changed: 1/3/2020 10:46:07 AM, Old:None, New:Abs Only
Data Simulation Changed: 1/3/2020 10:46:07 AM, Old:Abs Only, New:None
Parameter Setup First Time Changed: 1/3/2020 10:46:07 AM, Old:1, New:0
Data Simulation Changed: 1/3/2020 10:46:10 AM, Old:None, New:T and Abs
Start Temperature Changed: 1/3/2020 10:46:14 AM, Old:    20.00, New:    10.00
Stop Temperature Changed: 1/3/2020 10:46:17 AM, Old:    80.00, New:    40.00
Equilibration Time Changed: 1/3/2020 10:46:48 AM, Old:    10.00, New:     1.00
Stirrer Speed Changed: 1/3/2020 10:46:59 AM, Old:0, New:1200
End Method Modifications

4444 Heating Cycle 1,
4444 Heating Cycle 1
Collection Time: 1/3/2020 10:47:06 AM
Operator Name  :
ADL Shell Version 5.0.0.1002
Method Log     :
Method Name    :
Date/Time stamp: 1/3/2020 10:44:31 AM
Method Modifications:
COM Port Number Changed: 1/3/2020 10:45:52 AM, Old:Off, New:-1
COM Port Number Changed: 1/3/2020 10:45:54 AM, Old:-1, New:
Connected to Controller Changed: 1/3/2020 10:46:00 AM, Old:0, New:1
Number Samples Changed: 1/3/2020 10:46:02 AM, Old:0, New:-6
Cary Online Changed: 1/3/2020 10:46:07 AM, Old:-1, New:1
Sample ID 1 Changed: 1/3/2020 10:46:07 AM, Old:, New:1111
Sample ID 2 Changed: 1/3/2020 10:46:07 AM, Old:, New:2222
Sample ID 3 Changed: 1/3/2020 10:46:07 AM, Old:, New:3333
Sample ID 4 Changed: 1/3/2020 10:46:07 AM, Old:, New:4444
Sample ID 5 Changed: 1/3/2020 10:46:07 AM, Old:, New:5555
Sample ID 6 Changed: 1/3/2020 10:46:07 AM, Old:, New:6666
Data Simulation Changed: 1/3/2020 10:46:07 AM, Old:None, New:Abs Only
Data Simulation Changed: 1/3/2020 10:46:07 AM, Old:Abs Only, New:None
Parameter Setup First Time Changed: 1/3/2020 10:46:07 AM, Old:1, New:0
Data Simulation Changed: 1/3/2020 10:46:10 AM, Old:None, New:T and Abs
Start Temperature Changed: 1/3/2020 10:46:14 AM, Old:    20.00, New:    10.00
Stop Temperature Changed: 1/3/2020 10:46:17 AM, Old:    80.00, New:    40.00
Equilibration Time Changed: 1/3/2020 10:46:48 AM, Old:    10.00, New:     1.00
Stirrer Speed Changed: 1/3/2020 10:46:59 AM, Old:0, New:1200
End Method Modifications

5555 Heating Cycle 1,
5555 Heating Cycle 1
Collection Time: 1/3/2020 10:47:06 AM
Operator Name  :
ADL Shell Version 5.0.0.1002
Method Log     :
Method Name    :
Date/Time stamp: 1/3/2020 10:44:31 AM
Method Modifications:
COM Port Number Changed: 1/3/2020 10:45:52 AM, Old:Off, New:-1
COM Port Number Changed: 1/3/2020 10:45:54 AM, Old:-1, New:
Connected to Controller Changed: 1/3/2020 10:46:00 AM, Old:0, New:1
Number Samples Changed: 1/3/2020 10:46:02 AM, Old:0, New:-6
Cary Online Changed: 1/3/2020 10:46:07 AM, Old:-1, New:1
Sample ID 1 Changed: 1/3/2020 10:46:07 AM, Old:, New:1111
Sample ID 2 Changed: 1/3/2020 10:46:07 AM, Old:, New:2222
Sample ID 3 Changed: 1/3/2020 10:46:07 AM, Old:, New:3333
Sample ID 4 Changed: 1/3/2020 10:46:07 AM, Old:, New:4444
Sample ID 5 Changed: 1/3/2020 10:46:07 AM, Old:, New:5555
Sample ID 6 Changed: 1/3/2020 10:46:07 AM, Old:, New:6666
Data Simulation Changed: 1/3/2020 10:46:07 AM, Old:None, New:Abs Only
Data Simulation Changed: 1/3/2020 10:46:07 AM, Old:Abs Only, New:None
Parameter Setup First Time Changed: 1/3/2020 10:46:07 AM, Old:1, New:0
Data Simulation Changed: 1/3/2020 10:46:10 AM, Old:None, New:T and Abs
Start Temperature Changed: 1/3/2020 10:46:14 AM, Old:    20.00, New:    10.00
Stop Temperature Changed: 1/3/2020 10:46:17 AM, Old:    80.00, New:    40.00
Equilibration Time Changed: 1/3/2020 10:46:48 AM, Old:    10.00, New:     1.00
Stirrer Speed Changed: 1/3/2020 10:46:59 AM, Old:0, New:1200
End Method Modifications

6666 Heating Cycle 1,
6666 Heating Cycle 1
Collection Time: 1/3/2020 10:47:06 AM
Operator Name  :
ADL Shell Version 5.0.0.1002
Method Log     :
Method Name    :
Date/Time stamp: 1/3/2020 10:44:31 AM
Method Modifications:
COM Port Number Changed: 1/3/2020 10:45:52 AM, Old:Off, New:-1
COM Port Number Changed: 1/3/2020 10:45:54 AM, Old:-1, New:
Connected to Controller Changed: 1/3/2020 10:46:00 AM, Old:0, New:1
Number Samples Changed: 1/3/2020 10:46:02 AM, Old:0, New:-6
Cary Online Changed: 1/3/2020 10:46:07 AM, Old:-1, New:1
Sample ID 1 Changed: 1/3/2020 10:46:07 AM, Old:, New:1111
Sample ID 2 Changed: 1/3/2020 10:46:07 AM, Old:, New:2222
Sample ID 3 Changed: 1/3/2020 10:46:07 AM, Old:, New:3333
Sample ID 4 Changed: 1/3/2020 10:46:07 AM, Old:, New:4444
Sample ID 5 Changed: 1/3/2020 10:46:07 AM, Old:, New:5555
Sample ID 6 Changed: 1/3/2020 10:46:07 AM, Old:, New:6666
Data Simulation Changed: 1/3/2020 10:46:07 AM, Old:None, New:Abs Only
Data Simulation Changed: 1/3/2020 10:46:07 AM, Old:Abs Only, New:None
Parameter Setup First Time Changed: 1/3/2020 10:46:07 AM, Old:1, New:0
Data Simulation Changed: 1/3/2020 10:46:10 AM, Old:None, New:T and Abs
Start Temperature Changed: 1/3/2020 10:46:14 AM, Old:    20.00, New:    10.00
Stop Temperature Changed: 1/3/2020 10:46:17 AM, Old:    80.00, New:    40.00
Equilibration Time Changed: 1/3/2020 10:46:48 AM, Old:    10.00, New:     1.00
Stirrer Speed Changed: 1/3/2020 10:46:59 AM, Old:0, New:1200
End Method Modifications

